CodigoEstacion,NombreEstacion,Latitud,Longitud,Altitud,Categoria,Entidad,AreaOperativa,Departamento,Municipio,FechaInstalacion,FechaSuspension,IdParametro,Etiqueta,DescripcionSerie,Frecuencia,Fecha,Valor,Grado,Calificador,NivelAprobacion
26055110,LA INDEPENDENCIA - AUT [26055110],3.1853611110,-76.5693055560,1004,Agrometeorológica,INSTITUTO DE HIDROLOGIA METEOROLOGIA Y ESTUDIOS AMBIENTALES,Area Operativa 09 - Cauca-Valle-Caldas,Valle Del Cauca,Jamundí,28/06/2005 00:00,,VEL VIENTO,VV_10_MEDIA_M,Velocidad 10 minutal del viento media mensual,Mensual,2006-01-01 00:00,1.43687804145949,4,,900
26055110,LA INDEPENDENCIA - AUT [26055110],3.1853611110,-76.5693055560,1004,Agrometeorológica,INSTITUTO DE HIDROLOGIA METEOROLOGIA Y ESTUDIOS AMBIENTALES,Area Operativa 09 - Cauca-Valle-Caldas,Valle Del Cauca,Jamundí,28/06/2005 00:00,,VEL VIENTO,VV_10_MEDIA_M,Velocidad 10 minutal del viento media mensual,Mensual,2006-03-01 00:00,1.55646192818807,4,,900
26055110,LA INDEPENDENCIA - AUT [26055110],3.1853611110,-76.5693055560,1004,Agrometeorológica,INSTITUTO DE HIDROLOGIA METEOROLOGIA Y ESTUDIOS AMBIENTALES,Area Operativa 09 - Cauca-Valle-Caldas,Valle Del Cauca,Jamundí,28/06/2005 00:00,,VEL VIENTO,VV_10_MEDIA_M,Velocidad 10 minutal del viento media mensual,Mensual,2006-04-01 00:00,1.5456595731553,4,,900
26055110,LA INDEPENDENCIA - AUT [26055110],3.1853611110,-76.5693055560,1004,Agrometeorológica,INSTITUTO DE HIDROLOGIA METEOROLOGIA Y ESTUDIOS AMBIENTALES,Area Operativa 09 - Cauca-Valle-Caldas,Valle Del Cauca,Jamundí,28/06/2005 00:00,,VEL VIENTO,VV_10_MEDIA_M,Velocidad 10 minutal del viento media mensual,Mensual,2006-05-01 00:00,1.47268491460168,4,,900
26055110,LA INDEPENDENCIA - AUT [26055110],3.1853611110,-76.5693055560,1004,Agrometeorológica,INSTITUTO DE HIDROLOGIA METEOROLOGIA Y ESTUDIOS AMBIENTALES,Area Operativa 09 - Cauca-Valle-Caldas,Valle Del Cauca,Jamundí,28/06/2005 00:00,,VEL VIENTO,VV_10_MEDIA_M,Velocidad 10 minutal del viento media mensual,Mensual,2006-06-01 00:00,1.48369085343701,4,,900
26055110,LA INDEPENDENCIA - AUT [26055110],3.1853611110,-76.5693055560,1004,Agrometeorológica,INSTITUTO DE HIDROLOGIA METEOROLOGIA Y ESTUDIOS AMBIENTALES,Area Operativa 09 - Cauca-Valle-Caldas,Valle Del Cauca,Jamundí,28/06/2005 00:00,,VEL VIENTO,VV_10_MEDIA_M,Velocidad 10 minutal del viento media mensual,Mensual,2006-07-01 00:00,1.778377921271,4,,900
26055110,LA INDEPENDENCIA - AUT [26055110],3.1853611110,-76.5693055560,1004,Agrometeorológica,INSTITUTO DE HIDROLOGIA METEOROLOGIA Y ESTUDIOS AMBIENTALES,Area Operativa 09 - Cauca-Valle-Caldas,Valle Del Cauca,Jamundí,28/06/2005 00:00,,VEL VIENTO,VV_10_MEDIA_M,Velocidad 10 minutal del viento media mensual,Mensual,2006-08-01 00:00,1.72338271388494,4,,900
26055110,LA INDEPENDENCIA - AUT [26055110],3.1853611110,-76.5693055560,1004,Agrometeorológica,INSTITUTO DE HIDROLOGIA METEOROLOGIA Y ESTUDIOS AMBIENTALES,Area Operativa 09 - Cauca-Valle-Caldas,Valle Del Cauca,Jamundí,28/06/2005 00:00,,VEL VIENTO,VV_10_MEDIA_M,Velocidad 10 minutal del viento media mensual,Mensual,2006-09-01 00:00,1.80234842472358,4,,900
26055110,LA INDEPENDENCIA - AUT [26055110],3.1853611110,-76.5693055560,1004,Agrometeorológica,INSTITUTO DE HIDROLOGIA METEOROLOGIA Y ESTUDIOS AMBIENTALES,Area Operativa 09 - Cauca-Valle-Caldas,Valle Del Cauca,Jamundí,28/06/2005 00:00,,VEL VIENTO,VV_10_MEDIA_M,Velocidad 10 minutal del viento media mensual,Mensual,2006-10-01 00:00,1.64845133579032,4,,900
26055110,LA INDEPENDENCIA - AUT [26055110],3.1853611110,-76.5693055560,1004,Agrometeorológica,INSTITUTO DE HIDROLOGIA METEOROLOGIA Y ESTUDIOS AMBIENTALES,Area Operativa 09 - Cauca-Valle-Caldas,Valle Del Cauca,Jamundí,28/06/2005 00:00,,VEL VIENTO,VV_10_MEDIA_M,Velocidad 10 minutal del viento media mensual,Mensual,2006-11-01 00:00,1.54150959617504,4,,900
26055110,LA INDEPENDENCIA - AUT [26055110],3.1853611110,-76.5693055560,1004,Agrometeorológica,INSTITUTO DE HIDROLOGIA METEOROLOGIA Y ESTUDIOS AMBIENTALES,Area Operativa 09 - Cauca-Valle-Caldas,Valle Del Cauca,Jamundí,28/06/2005 00:00,,VEL VIENTO,VV_10_MEDIA_M,Velocidad 10 minutal del viento media mensual,Mensual,2006-12-01 00:00,1.49370579791458,4,,900
26055110,LA INDEPENDENCIA - AUT [26055110],3.1853611110,-76.5693055560,1004,Agrometeorológica,INSTITUTO DE HIDROLOGIA METEOROLOGIA Y ESTUDIOS AMBIENTALES,Area Operativa 09 - Cauca-Valle-Caldas,Valle Del Cauca,Jamundí,28/06/2005 00:00,,VEL VIENTO,VV_10_MEDIA_M,Velocidad 10 minutal del viento media mensual,Mensual,2007-01-01 00:00,1.54429732616252,4,,900
26055110,LA INDEPENDENCIA - AUT [26055110],3.1853611110,-76.5693055560,1004,Agrometeorológica,INSTITUTO DE HIDROLOGIA METEOROLOGIA Y ESTUDIOS AMBIENTALES,Area Operativa 09 - Cauca-Valle-Caldas,Valle Del Cauca,Jamundí,28/06/2005 00:00,,VEL VIENTO,VV_10_MEDIA_M,Velocidad 10 minutal del viento media mensual,Mensual,2007-02-01 00:00,1.6095450526223,4,,900
26055110,LA INDEPENDENCIA - AUT [26055110],3.1853611110,-76.5693055560,1004,Agrometeorológica,INSTITUTO DE HIDROLOGIA METEOROLOGIA Y ESTUDIOS AMBIENTALES,Area Operativa 09 - Cauca-Valle-Caldas,Valle Del Cauca,Jamundí,28/06/2005 00:00,,VEL VIENTO,VV_10_MEDIA_M,Velocidad 10 minutal del viento media mensual,Mensual,2007-03-01 00:00,1.61400480668984,4,,900
26055110,LA INDEPENDENCIA - AUT [26055110],3.1853611110,-76.5693055560,1004,Agrometeorológica,INSTITUTO DE HIDROLOGIA METEOROLOGIA Y ESTUDIOS AMBIENTALES,Area Operativa 09 - Cauca-Valle-Caldas,Valle Del Cauca,Jamundí,28/06/2005 00:00,,VEL VIENTO,VV_10_MEDIA_M,Velocidad 10 minutal del viento media mensual,Mensual,2007-04-01 00:00,1.57349440817195,4,,900
26055110,LA INDEPENDENCIA - AUT [26055110],3.1853611110,-76.5693055560,1004,Agrometeorológica,INSTITUTO DE HIDROLOGIA METEOROLOGIA Y ESTUDIOS AMBIENTALES,Area Operativa 09 - Cauca-Valle-Caldas,Valle Del Cauca,Jamundí,28/06/2005 00:00,,VEL VIENTO,VV_10_MEDIA_M,Velocidad 10 minutal del viento media mensual,Mensual,2007-05-01 00:00,1.3510057181211,4,,900
26055110,LA INDEPENDENCIA - AUT [26055110],3.1853611110,-76.5693055560,1004,Agrometeorológica,INSTITUTO DE HIDROLOGIA METEOROLOGIA Y ESTUDIOS AMBIENTALES,Area Operativa 09 - Cauca-Valle-Caldas,Valle Del Cauca,Jamundí,28/06/2005 00:00,,VEL VIENTO,VV_10_MEDIA_M,Velocidad 10 minutal del viento media mensual,Mensual,2007-06-01 00:00,1.39893616517452,4,,900
26055110,LA INDEPENDENCIA - AUT [26055110],3.1853611110,-76.5693055560,1004,Agrometeorológica,INSTITUTO DE HIDROLOGIA METEOROLOGIA Y ESTUDIOS AMBIENTALES,Area Operativa 09 - Cauca-Valle-Caldas,Valle Del Cauca,Jamundí,28/06/2005 00:00,,VEL VIENTO,VV_10_MEDIA_M,Velocidad 10 minutal del viento media mensual,Mensual,2007-07-01 00:00,1.53542523977149,4,,900
26055110,LA INDEPENDENCIA - AUT [26055110],3.1853611110,-76.5693055560,1004,Agrometeorológica,INSTITUTO DE HIDROLOGIA METEOROLOGIA Y ESTUDIOS AMBIENTALES,Area Operativa 09 - Cauca-Valle-Caldas,Valle Del Cauca,Jamundí,28/06/2005 00:00,,VEL VIENTO,VV_10_MEDIA_M,Velocidad 10 minutal del viento media mensual,Mensual,2007-08-01 00:00,1.54166449387975,4,,900
26055110,LA INDEPENDENCIA - AUT [26055110],3.1853611110,-76.5693055560,1004,Agrometeorológica,INSTITUTO DE HIDROLOGIA METEOROLOGIA Y ESTUDIOS AMBIENTALES,Area Operativa 09 - Cauca-Valle-Caldas,Valle Del Cauca,Jamundí,28/06/2005 00:00,,VEL VIENTO,VV_10_MEDIA_M,Velocidad 10 minutal del viento media mensual,Mensual,2007-09-01 00:00,1.7173202088607,4,,900
26055110,LA INDEPENDENCIA - AUT [26055110],3.1853611110,-76.5693055560,1004,Agrometeorológica,INSTITUTO DE HIDROLOGIA METEOROLOGIA Y ESTUDIOS AMBIENTALES,Area Operativa 09 - Cauca-Valle-Caldas,Valle Del Cauca,Jamundí,28/06/2005 00:00,,VEL VIENTO,VV_10_MEDIA_M,Velocidad 10 minutal del viento media mensual,Mensual,2007-10-01 00:00,1.48252728680588,4,,900
26055110,LA INDEPENDENCIA - AUT [26055110],3.1853611110,-76.5693055560,1004,Agrometeorológica,INSTITUTO DE HIDROLOGIA METEOROLOGIA Y ESTUDIOS AMBIENTALES,Area Operativa 09 - Cauca-Valle-Caldas,Valle Del Cauca,Jamundí,28/06/2005 00:00,,VEL VIENTO,VV_10_MEDIA_M,Velocidad 10 minutal del viento media mensual,Mensual,2007-11-01 00:00,1.48576036961245,4,,900
26055110,LA INDEPENDENCIA - AUT [26055110],3.1853611110,-76.5693055560,1004,Agrometeorológica,INSTITUTO DE HIDROLOGIA METEOROLOGIA Y ESTUDIOS AMBIENTALES,Area Operativa 09 - Cauca-Valle-Caldas,Valle Del Cauca,Jamundí,28/06/2005 00:00,,VEL VIENTO,VV_10_MEDIA_M,Velocidad 10 minutal del viento media mensual,Mensual,2007-12-01 00:00,1.38256818331746,4,,900
26055110,LA INDEPENDENCIA - AUT [26055110],3.1853611110,-76.5693055560,1004,Agrometeorológica,INSTITUTO DE HIDROLOGIA METEOROLOGIA Y ESTUDIOS AMBIENTALES,Area Operativa 09 - Cauca-Valle-Caldas,Valle Del Cauca,Jamundí,28/06/2005 00:00,,VEL VIENTO,VV_10_MEDIA_M,Velocidad 10 minutal del viento media mensual,Mensual,2008-01-01 00:00,1.43430322295763,4,,900
26055110,LA INDEPENDENCIA - AUT [26055110],3.1853611110,-76.5693055560,1004,Agrometeorológica,INSTITUTO DE HIDROLOGIA METEOROLOGIA Y ESTUDIOS AMBIENTALES,Area Operativa 09 - Cauca-Valle-Caldas,Valle Del Cauca,Jamundí,28/06/2005 00:00,,VEL VIENTO,VV_10_MEDIA_M,Velocidad 10 minutal del viento media mensual,Mensual,2008-02-01 00:00,1.50271966695229,4,,900
26055110,LA INDEPENDENCIA - AUT [26055110],3.1853611110,-76.5693055560,1004,Agrometeorológica,INSTITUTO DE HIDROLOGIA METEOROLOGIA Y ESTUDIOS AMBIENTALES,Area Operativa 09 - Cauca-Valle-Caldas,Valle Del Cauca,Jamundí,28/06/2005 00:00,,VEL VIENTO,VV_10_MEDIA_M,Velocidad 10 minutal del viento media mensual,Mensual,2008-03-01 00:00,1.51163786102886,4,,900
26055110,LA INDEPENDENCIA - AUT [26055110],3.1853611110,-76.5693055560,1004,Agrometeorológica,INSTITUTO DE HIDROLOGIA METEOROLOGIA Y ESTUDIOS AMBIENTALES,Area Operativa 09 - Cauca-Valle-Caldas,Valle Del Cauca,Jamundí,28/06/2005 00:00,,VEL VIENTO,VV_10_MEDIA_M,Velocidad 10 minutal del viento media mensual,Mensual,2008-04-01 00:00,1.47803660143988,4,,900
26055110,LA INDEPENDENCIA - AUT [26055110],3.1853611110,-76.5693055560,1004,Agrometeorológica,INSTITUTO DE HIDROLOGIA METEOROLOGIA Y ESTUDIOS AMBIENTALES,Area Operativa 09 - Cauca-Valle-Caldas,Valle Del Cauca,Jamundí,28/06/2005 00:00,,VEL VIENTO,VV_10_MEDIA_M,Velocidad 10 minutal del viento media mensual,Mensual,2008-05-01 00:00,1.40997407277568,4,,900
26055110,LA INDEPENDENCIA - AUT [26055110],3.1853611110,-76.5693055560,1004,Agrometeorológica,INSTITUTO DE HIDROLOGIA METEOROLOGIA Y ESTUDIOS AMBIENTALES,Area Operativa 09 - Cauca-Valle-Caldas,Valle Del Cauca,Jamundí,28/06/2005 00:00,,VEL VIENTO,VV_10_MEDIA_M,Velocidad 10 minutal del viento media mensual,Mensual,2008-06-01 00:00,1.48332256217984,4,,900
26055110,LA INDEPENDENCIA - AUT [26055110],3.1853611110,-76.5693055560,1004,Agrometeorológica,INSTITUTO DE HIDROLOGIA METEOROLOGIA Y ESTUDIOS AMBIENTALES,Area Operativa 09 - Cauca-Valle-Caldas,Valle Del Cauca,Jamundí,28/06/2005 00:00,,VEL VIENTO,VV_10_MEDIA_M,Velocidad 10 minutal del viento media mensual,Mensual,2008-07-01 00:00,1.40779956662354,4,,900
26055110,LA INDEPENDENCIA - AUT [26055110],3.1853611110,-76.5693055560,1004,Agrometeorológica,INSTITUTO DE HIDROLOGIA METEOROLOGIA Y ESTUDIOS AMBIENTALES,Area Operativa 09 - Cauca-Valle-Caldas,Valle Del Cauca,Jamundí,28/06/2005 00:00,,VEL VIENTO,VV_10_MEDIA_M,Velocidad 10 minutal del viento media mensual,Mensual,2008-08-01 00:00,1.51723907168414,4,,900
26055110,LA INDEPENDENCIA - AUT [26055110],3.1853611110,-76.5693055560,1004,Agrometeorológica,INSTITUTO DE HIDROLOGIA METEOROLOGIA Y ESTUDIOS AMBIENTALES,Area Operativa 09 - Cauca-Valle-Caldas,Valle Del Cauca,Jamundí,28/06/2005 00:00,,VEL VIENTO,VV_10_MEDIA_M,Velocidad 10 minutal del viento media mensual,Mensual,2008-09-01 00:00,1.49888454485349,4,,900
26055110,LA INDEPENDENCIA - AUT [26055110],3.1853611110,-76.5693055560,1004,Agrometeorológica,INSTITUTO DE HIDROLOGIA METEOROLOGIA Y ESTUDIOS AMBIENTALES,Area Operativa 09 - Cauca-Valle-Caldas,Valle Del Cauca,Jamundí,28/06/2005 00:00,,VEL VIENTO,VV_10_MEDIA_M,Velocidad 10 minutal del viento media mensual,Mensual,2008-10-01 00:00,1.44035231219249,4,,900
26055110,LA INDEPENDENCIA - AUT [26055110],3.1853611110,-76.5693055560,1004,Agrometeorológica,INSTITUTO DE HIDROLOGIA METEOROLOGIA Y ESTUDIOS AMBIENTALES,Area Operativa 09 - Cauca-Valle-Caldas,Valle Del Cauca,Jamundí,28/06/2005 00:00,,VEL VIENTO,VV_10_MEDIA_M,Velocidad 10 minutal del viento media mensual,Mensual,2008-11-01 00:00,1.40659166849663,4,,900
26055110,LA INDEPENDENCIA - AUT [26055110],3.1853611110,-76.5693055560,1004,Agrometeorológica,INSTITUTO DE HIDROLOGIA METEOROLOGIA Y ESTUDIOS AMBIENTALES,Area Operativa 09 - Cauca-Valle-Caldas,Valle Del Cauca,Jamundí,28/06/2005 00:00,,VEL VIENTO,VV_10_MEDIA_M,Velocidad 10 minutal del viento media mensual,Mensual,2008-12-01 00:00,1.3808606561833,4,,900
26055110,LA INDEPENDENCIA - AUT [26055110],3.1853611110,-76.5693055560,1004,Agrometeorológica,INSTITUTO DE HIDROLOGIA METEOROLOGIA Y ESTUDIOS AMBIENTALES,Area Operativa 09 - Cauca-Valle-Caldas,Valle Del Cauca,Jamundí,28/06/2005 00:00,,VEL VIENTO,VV_10_MEDIA_M,Velocidad 10 minutal del viento media mensual,Mensual,2009-01-01 00:00,1.44312493961362,4,,900
26055110,LA INDEPENDENCIA - AUT [26055110],3.1853611110,-76.5693055560,1004,Agrometeorológica,INSTITUTO DE HIDROLOGIA METEOROLOGIA Y ESTUDIOS AMBIENTALES,Area Operativa 09 - Cauca-Valle-Caldas,Valle Del Cauca,Jamundí,28/06/2005 00:00,,VEL VIENTO,VV_10_MEDIA_M,Velocidad 10 minutal del viento media mensual,Mensual,2009-02-01 00:00,1.46935169369692,4,,900
26055110,LA INDEPENDENCIA - AUT [26055110],3.1853611110,-76.5693055560,1004,Agrometeorológica,INSTITUTO DE HIDROLOGIA METEOROLOGIA Y ESTUDIOS AMBIENTALES,Area Operativa 09 - Cauca-Valle-Caldas,Valle Del Cauca,Jamundí,28/06/2005 00:00,,VEL VIENTO,VV_10_MEDIA_M,Velocidad 10 minutal del viento media mensual,Mensual,2009-03-01 00:00,1.47364726308833,4,,900
26055110,LA INDEPENDENCIA - AUT [26055110],3.1853611110,-76.5693055560,1004,Agrometeorológica,INSTITUTO DE HIDROLOGIA METEOROLOGIA Y ESTUDIOS AMBIENTALES,Area Operativa 09 - Cauca-Valle-Caldas,Valle Del Cauca,Jamundí,28/06/2005 00:00,,VEL VIENTO,VV_10_MEDIA_M,Velocidad 10 minutal del viento media mensual,Mensual,2009-04-01 00:00,1.50792141131838,4,,900
26055110,LA INDEPENDENCIA - AUT [26055110],3.1853611110,-76.5693055560,1004,Agrometeorológica,INSTITUTO DE HIDROLOGIA METEOROLOGIA Y ESTUDIOS AMBIENTALES,Area Operativa 09 - Cauca-Valle-Caldas,Valle Del Cauca,Jamundí,28/06/2005 00:00,,VEL VIENTO,VV_10_MEDIA_M,Velocidad 10 minutal del viento media mensual,Mensual,2009-05-01 00:00,1.50221691149322,4,,900
26055110,LA INDEPENDENCIA - AUT [26055110],3.1853611110,-76.5693055560,1004,Agrometeorológica,INSTITUTO DE HIDROLOGIA METEOROLOGIA Y ESTUDIOS AMBIENTALES,Area Operativa 09 - Cauca-Valle-Caldas,Valle Del Cauca,Jamundí,28/06/2005 00:00,,VEL VIENTO,VV_10_MEDIA_M,Velocidad 10 minutal del viento media mensual,Mensual,2009-06-01 00:00,1.38513016982174,4,,900
26055110,LA INDEPENDENCIA - AUT [26055110],3.1853611110,-76.5693055560,1004,Agrometeorológica,INSTITUTO DE HIDROLOGIA METEOROLOGIA Y ESTUDIOS AMBIENTALES,Area Operativa 09 - Cauca-Valle-Caldas,Valle Del Cauca,Jamundí,28/06/2005 00:00,,VEL VIENTO,VV_10_MEDIA_M,Velocidad 10 minutal del viento media mensual,Mensual,2009-07-01 00:00,1.58887839483641,4,,900
26055110,LA INDEPENDENCIA - AUT [26055110],3.1853611110,-76.5693055560,1004,Agrometeorológica,INSTITUTO DE HIDROLOGIA METEOROLOGIA Y ESTUDIOS AMBIENTALES,Area Operativa 09 - Cauca-Valle-Caldas,Valle Del Cauca,Jamundí,28/06/2005 00:00,,VEL VIENTO,VV_10_MEDIA_M,Velocidad 10 minutal del viento media mensual,Mensual,2009-08-01 00:00,1.66406711752888,4,,900
26055110,LA INDEPENDENCIA - AUT [26055110],3.1853611110,-76.5693055560,1004,Agrometeorológica,INSTITUTO DE HIDROLOGIA METEOROLOGIA Y ESTUDIOS AMBIENTALES,Area Operativa 09 - Cauca-Valle-Caldas,Valle Del Cauca,Jamundí,28/06/2005 00:00,,VEL VIENTO,VV_10_MEDIA_M,Velocidad 10 minutal del viento media mensual,Mensual,2009-09-01 00:00,1.76161658799038,4,,900
26055110,LA INDEPENDENCIA - AUT [26055110],3.1853611110,-76.5693055560,1004,Agrometeorológica,INSTITUTO DE HIDROLOGIA METEOROLOGIA Y ESTUDIOS AMBIENTALES,Area Operativa 09 - Cauca-Valle-Caldas,Valle Del Cauca,Jamundí,28/06/2005 00:00,,VEL VIENTO,VV_10_MEDIA_M,Velocidad 10 minutal del viento media mensual,Mensual,2009-10-01 00:00,1.62443007683207,4,,900
26055110,LA INDEPENDENCIA - AUT [26055110],3.1853611110,-76.5693055560,1004,Agrometeorológica,INSTITUTO DE HIDROLOGIA METEOROLOGIA Y ESTUDIOS AMBIENTALES,Area Operativa 09 - Cauca-Valle-Caldas,Valle Del Cauca,Jamundí,28/06/2005 00:00,,VEL VIENTO,VV_10_MEDIA_M,Velocidad 10 minutal del viento media mensual,Mensual,2010-01-01 00:00,1.62278852804798,4,,900
26055110,LA INDEPENDENCIA - AUT [26055110],3.1853611110,-76.5693055560,1004,Agrometeorológica,INSTITUTO DE HIDROLOGIA METEOROLOGIA Y ESTUDIOS AMBIENTALES,Area Operativa 09 - Cauca-Valle-Caldas,Valle Del Cauca,Jamundí,28/06/2005 00:00,,VEL VIENTO,VV_10_MEDIA_M,Velocidad 10 minutal del viento media mensual,Mensual,2010-02-01 00:00,1.55420827706567,4,,900
26055110,LA INDEPENDENCIA - AUT [26055110],3.1853611110,-76.5693055560,1004,Agrometeorológica,INSTITUTO DE HIDROLOGIA METEOROLOGIA Y ESTUDIOS AMBIENTALES,Area Operativa 09 - Cauca-Valle-Caldas,Valle Del Cauca,Jamundí,28/06/2005 00:00,,VEL VIENTO,VV_10_MEDIA_M,Velocidad 10 minutal del viento media mensual,Mensual,2010-03-01 00:00,1.59666914220461,4,,900
26055110,LA INDEPENDENCIA - AUT [26055110],3.1853611110,-76.5693055560,1004,Agrometeorológica,INSTITUTO DE HIDROLOGIA METEOROLOGIA Y ESTUDIOS AMBIENTALES,Area Operativa 09 - Cauca-Valle-Caldas,Valle Del Cauca,Jamundí,28/06/2005 00:00,,VEL VIENTO,VV_10_MEDIA_M,Velocidad 10 minutal del viento media mensual,Mensual,2010-04-01 00:00,1.48618317312836,4,,900
26055110,LA INDEPENDENCIA - AUT [26055110],3.1853611110,-76.5693055560,1004,Agrometeorológica,INSTITUTO DE HIDROLOGIA METEOROLOGIA Y ESTUDIOS AMBIENTALES,Area Operativa 09 - Cauca-Valle-Caldas,Valle Del Cauca,Jamundí,28/06/2005 00:00,,VEL VIENTO,VV_10_MEDIA_M,Velocidad 10 minutal del viento media mensual,Mensual,2010-05-01 00:00,1.39594424545042,4,,900
26055110,LA INDEPENDENCIA - AUT [26055110],3.1853611110,-76.5693055560,1004,Agrometeorológica,INSTITUTO DE HIDROLOGIA METEOROLOGIA Y ESTUDIOS AMBIENTALES,Area Operativa 09 - Cauca-Valle-Caldas,Valle Del Cauca,Jamundí,28/06/2005 00:00,,VEL VIENTO,VV_10_MEDIA_M,Velocidad 10 minutal del viento media mensual,Mensual,2010-06-01 00:00,1.42945794807576,4,,900
26055110,LA INDEPENDENCIA - AUT [26055110],3.1853611110,-76.5693055560,1004,Agrometeorológica,INSTITUTO DE HIDROLOGIA METEOROLOGIA Y ESTUDIOS AMBIENTALES,Area Operativa 09 - Cauca-Valle-Caldas,Valle Del Cauca,Jamundí,28/06/2005 00:00,,VEL VIENTO,VV_10_MEDIA_M,Velocidad 10 minutal del viento media mensual,Mensual,2010-07-01 00:00,1.4008095785379,4,,900
26055110,LA INDEPENDENCIA - AUT [26055110],3.1853611110,-76.5693055560,1004,Agrometeorológica,INSTITUTO DE HIDROLOGIA METEOROLOGIA Y ESTUDIOS AMBIENTALES,Area Operativa 09 - Cauca-Valle-Caldas,Valle Del Cauca,Jamundí,28/06/2005 00:00,,VEL VIENTO,VV_10_MEDIA_M,Velocidad 10 minutal del viento media mensual,Mensual,2010-08-01 00:00,1.50098210396141,4,,900
26055110,LA INDEPENDENCIA - AUT [26055110],3.1853611110,-76.5693055560,1004,Agrometeorológica,INSTITUTO DE HIDROLOGIA METEOROLOGIA Y ESTUDIOS AMBIENTALES,Area Operativa 09 - Cauca-Valle-Caldas,Valle Del Cauca,Jamundí,28/06/2005 00:00,,VEL VIENTO,VV_10_MEDIA_M,Velocidad 10 minutal del viento media mensual,Mensual,2010-09-01 00:00,1.54760614716503,4,,900
26055110,LA INDEPENDENCIA - AUT [26055110],3.1853611110,-76.5693055560,1004,Agrometeorológica,INSTITUTO DE HIDROLOGIA METEOROLOGIA Y ESTUDIOS AMBIENTALES,Area Operativa 09 - Cauca-Valle-Caldas,Valle Del Cauca,Jamundí,28/06/2005 00:00,,VEL VIENTO,VV_10_MEDIA_M,Velocidad 10 minutal del viento media mensual,Mensual,2010-10-01 00:00,1.4783333718692,4,,900
26055110,LA INDEPENDENCIA - AUT [26055110],3.1853611110,-76.5693055560,1004,Agrometeorológica,INSTITUTO DE HIDROLOGIA METEOROLOGIA Y ESTUDIOS AMBIENTALES,Area Operativa 09 - Cauca-Valle-Caldas,Valle Del Cauca,Jamundí,28/06/2005 00:00,,VEL VIENTO,VV_10_MEDIA_M,Velocidad 10 minutal del viento media mensual,Mensual,2010-11-01 00:00,1.39656533948954,4,,900
26055110,LA INDEPENDENCIA - AUT [26055110],3.1853611110,-76.5693055560,1004,Agrometeorológica,INSTITUTO DE HIDROLOGIA METEOROLOGIA Y ESTUDIOS AMBIENTALES,Area Operativa 09 - Cauca-Valle-Caldas,Valle Del Cauca,Jamundí,28/06/2005 00:00,,VEL VIENTO,VV_10_MEDIA_M,Velocidad 10 minutal del viento media mensual,Mensual,2010-12-01 00:00,1.45615197844339,4,,900
26055110,LA INDEPENDENCIA - AUT [26055110],3.1853611110,-76.5693055560,1004,Agrometeorológica,INSTITUTO DE HIDROLOGIA METEOROLOGIA Y ESTUDIOS AMBIENTALES,Area Operativa 09 - Cauca-Valle-Caldas,Valle Del Cauca,Jamundí,28/06/2005 00:00,,VEL VIENTO,VV_10_MEDIA_M,Velocidad 10 minutal del viento media mensual,Mensual,2011-01-01 00:00,1.59888791251032,4,,900
26055110,LA INDEPENDENCIA - AUT [26055110],3.1853611110,-76.5693055560,1004,Agrometeorológica,INSTITUTO DE HIDROLOGIA METEOROLOGIA Y ESTUDIOS AMBIENTALES,Area Operativa 09 - Cauca-Valle-Caldas,Valle Del Cauca,Jamundí,28/06/2005 00:00,,VEL VIENTO,VV_10_MEDIA_M,Velocidad 10 minutal del viento media mensual,Mensual,2011-02-01 00:00,1.46353906378817,4,,900
26055110,LA INDEPENDENCIA - AUT [26055110],3.1853611110,-76.5693055560,1004,Agrometeorológica,INSTITUTO DE HIDROLOGIA METEOROLOGIA Y ESTUDIOS AMBIENTALES,Area Operativa 09 - Cauca-Valle-Caldas,Valle Del Cauca,Jamundí,28/06/2005 00:00,,VEL VIENTO,VV_10_MEDIA_M,Velocidad 10 minutal del viento media mensual,Mensual,2011-06-01 00:00,1.4310801950666,4,,900
26055110,LA INDEPENDENCIA - AUT [26055110],3.1853611110,-76.5693055560,1004,Agrometeorológica,INSTITUTO DE HIDROLOGIA METEOROLOGIA Y ESTUDIOS AMBIENTALES,Area Operativa 09 - Cauca-Valle-Caldas,Valle Del Cauca,Jamundí,28/06/2005 00:00,,VEL VIENTO,VV_10_MEDIA_M,Velocidad 10 minutal del viento media mensual,Mensual,2011-08-01 00:00,1.65277044740494,4,,900
26055110,LA INDEPENDENCIA - AUT [26055110],3.1853611110,-76.5693055560,1004,Agrometeorológica,INSTITUTO DE HIDROLOGIA METEOROLOGIA Y ESTUDIOS AMBIENTALES,Area Operativa 09 - Cauca-Valle-Caldas,Valle Del Cauca,Jamundí,28/06/2005 00:00,,VEL VIENTO,VV_10_MEDIA_M,Velocidad 10 minutal del viento media mensual,Mensual,2011-09-01 00:00,1.54380293619433,4,,900
26055110,LA INDEPENDENCIA - AUT [26055110],3.1853611110,-76.5693055560,1004,Agrometeorológica,INSTITUTO DE HIDROLOGIA METEOROLOGIA Y ESTUDIOS AMBIENTALES,Area Operativa 09 - Cauca-Valle-Caldas,Valle Del Cauca,Jamundí,28/06/2005 00:00,,VEL VIENTO,VV_10_MEDIA_M,Velocidad 10 minutal del viento media mensual,Mensual,2011-10-01 00:00,1.48588387278929,4,,900
26055110,LA INDEPENDENCIA - AUT [26055110],3.1853611110,-76.5693055560,1004,Agrometeorológica,INSTITUTO DE HIDROLOGIA METEOROLOGIA Y ESTUDIOS AMBIENTALES,Area Operativa 09 - Cauca-Valle-Caldas,Valle Del Cauca,Jamundí,28/06/2005 00:00,,VEL VIENTO,VV_10_MEDIA_M,Velocidad 10 minutal del viento media mensual,Mensual,2011-11-01 00:00,1.45681166887098,4,,900
26055110,LA INDEPENDENCIA - AUT [26055110],3.1853611110,-76.5693055560,1004,Agrometeorológica,INSTITUTO DE HIDROLOGIA METEOROLOGIA Y ESTUDIOS AMBIENTALES,Area Operativa 09 - Cauca-Valle-Caldas,Valle Del Cauca,Jamundí,28/06/2005 00:00,,VEL VIENTO,VV_10_MEDIA_M,Velocidad 10 minutal del viento media mensual,Mensual,2011-12-01 00:00,1.48363696471842,4,,900
26055110,LA INDEPENDENCIA - AUT [26055110],3.1853611110,-76.5693055560,1004,Agrometeorológica,INSTITUTO DE HIDROLOGIA METEOROLOGIA Y ESTUDIOS AMBIENTALES,Area Operativa 09 - Cauca-Valle-Caldas,Valle Del Cauca,Jamundí,28/06/2005 00:00,,VEL VIENTO,VV_10_MEDIA_M,Velocidad 10 minutal del viento media mensual,Mensual,2012-01-01 00:00,1.49753448433596,4,,900
26055110,LA INDEPENDENCIA - AUT [26055110],3.1853611110,-76.5693055560,1004,Agrometeorológica,INSTITUTO DE HIDROLOGIA METEOROLOGIA Y ESTUDIOS AMBIENTALES,Area Operativa 09 - Cauca-Valle-Caldas,Valle Del Cauca,Jamundí,28/06/2005 00:00,,VEL VIENTO,VV_10_MEDIA_M,Velocidad 10 minutal del viento media mensual,Mensual,2012-02-01 00:00,1.63796283580269,4,,900
26055110,LA INDEPENDENCIA - AUT [26055110],3.1853611110,-76.5693055560,1004,Agrometeorológica,INSTITUTO DE HIDROLOGIA METEOROLOGIA Y ESTUDIOS AMBIENTALES,Area Operativa 09 - Cauca-Valle-Caldas,Valle Del Cauca,Jamundí,28/06/2005 00:00,,VEL VIENTO,VV_10_MEDIA_M,Velocidad 10 minutal del viento media mensual,Mensual,2012-03-01 00:00,1.51376450843863,4,,900
26055110,LA INDEPENDENCIA - AUT [26055110],3.1853611110,-76.5693055560,1004,Agrometeorológica,INSTITUTO DE HIDROLOGIA METEOROLOGIA Y ESTUDIOS AMBIENTALES,Area Operativa 09 - Cauca-Valle-Caldas,Valle Del Cauca,Jamundí,28/06/2005 00:00,,VEL VIENTO,VV_10_MEDIA_M,Velocidad 10 minutal del viento media mensual,Mensual,2012-04-01 00:00,1.50811516432456,4,,900
26055110,LA INDEPENDENCIA - AUT [26055110],3.1853611110,-76.5693055560,1004,Agrometeorológica,INSTITUTO DE HIDROLOGIA METEOROLOGIA Y ESTUDIOS AMBIENTALES,Area Operativa 09 - Cauca-Valle-Caldas,Valle Del Cauca,Jamundí,28/06/2005 00:00,,VEL VIENTO,VV_10_MEDIA_M,Velocidad 10 minutal del viento media mensual,Mensual,2012-05-01 00:00,1.43384744623661,4,,900
26055110,LA INDEPENDENCIA - AUT [26055110],3.1853611110,-76.5693055560,1004,Agrometeorológica,INSTITUTO DE HIDROLOGIA METEOROLOGIA Y ESTUDIOS AMBIENTALES,Area Operativa 09 - Cauca-Valle-Caldas,Valle Del Cauca,Jamundí,28/06/2005 00:00,,VEL VIENTO,VV_10_MEDIA_M,Velocidad 10 minutal del viento media mensual,Mensual,2012-06-01 00:00,1.61039541390263,4,,900
26055110,LA INDEPENDENCIA - AUT [26055110],3.1853611110,-76.5693055560,1004,Agrometeorológica,INSTITUTO DE HIDROLOGIA METEOROLOGIA Y ESTUDIOS AMBIENTALES,Area Operativa 09 - Cauca-Valle-Caldas,Valle Del Cauca,Jamundí,28/06/2005 00:00,,VEL VIENTO,VV_10_MEDIA_M,Velocidad 10 minutal del viento media mensual,Mensual,2012-07-01 00:00,1.64116239970153,4,,900
26055110,LA INDEPENDENCIA - AUT [26055110],3.1853611110,-76.5693055560,1004,Agrometeorológica,INSTITUTO DE HIDROLOGIA METEOROLOGIA Y ESTUDIOS AMBIENTALES,Area Operativa 09 - Cauca-Valle-Caldas,Valle Del Cauca,Jamundí,28/06/2005 00:00,,VEL VIENTO,VV_10_MEDIA_M,Velocidad 10 minutal del viento media mensual,Mensual,2012-08-01 00:00,1.65563598597123,4,,900
26055110,LA INDEPENDENCIA - AUT [26055110],3.1853611110,-76.5693055560,1004,Agrometeorológica,INSTITUTO DE HIDROLOGIA METEOROLOGIA Y ESTUDIOS AMBIENTALES,Area Operativa 09 - Cauca-Valle-Caldas,Valle Del Cauca,Jamundí,28/06/2005 00:00,,VEL VIENTO,VV_10_MEDIA_M,Velocidad 10 minutal del viento media mensual,Mensual,2012-09-01 00:00,1.75069014601045,4,,900
26055110,LA INDEPENDENCIA - AUT [26055110],3.1853611110,-76.5693055560,1004,Agrometeorológica,INSTITUTO DE HIDROLOGIA METEOROLOGIA Y ESTUDIOS AMBIENTALES,Area Operativa 09 - Cauca-Valle-Caldas,Valle Del Cauca,Jamundí,28/06/2005 00:00,,VEL VIENTO,VV_10_MEDIA_M,Velocidad 10 minutal del viento media mensual,Mensual,2013-02-01 00:00,1.46051006683792,4,,900
26055110,LA INDEPENDENCIA - AUT [26055110],3.1853611110,-76.5693055560,1004,Agrometeorológica,INSTITUTO DE HIDROLOGIA METEOROLOGIA Y ESTUDIOS AMBIENTALES,Area Operativa 09 - Cauca-Valle-Caldas,Valle Del Cauca,Jamundí,28/06/2005 00:00,,VEL VIENTO,VV_10_MEDIA_M,Velocidad 10 minutal del viento media mensual,Mensual,2013-03-01 00:00,1.59799171869283,4,,900
26055110,LA INDEPENDENCIA - AUT [26055110],3.1853611110,-76.5693055560,1004,Agrometeorológica,INSTITUTO DE HIDROLOGIA METEOROLOGIA Y ESTUDIOS AMBIENTALES,Area Operativa 09 - Cauca-Valle-Caldas,Valle Del Cauca,Jamundí,28/06/2005 00:00,,VEL VIENTO,VV_10_MEDIA_M,Velocidad 10 minutal del viento media mensual,Mensual,2013-04-01 00:00,1.58368591461858,4,,900
26055110,LA INDEPENDENCIA - AUT [26055110],3.1853611110,-76.5693055560,1004,Agrometeorológica,INSTITUTO DE HIDROLOGIA METEOROLOGIA Y ESTUDIOS AMBIENTALES,Area Operativa 09 - Cauca-Valle-Caldas,Valle Del Cauca,Jamundí,28/06/2005 00:00,,VEL VIENTO,VV_10_MEDIA_M,Velocidad 10 minutal del viento media mensual,Mensual,2013-05-01 00:00,1.44143118686878,4,,900
26055110,LA INDEPENDENCIA - AUT [26055110],3.1853611110,-76.5693055560,1004,Agrometeorológica,INSTITUTO DE HIDROLOGIA METEOROLOGIA Y ESTUDIOS AMBIENTALES,Area Operativa 09 - Cauca-Valle-Caldas,Valle Del Cauca,Jamundí,28/06/2005 00:00,,VEL VIENTO,VV_10_MEDIA_M,Velocidad 10 minutal del viento media mensual,Mensual,2013-06-01 00:00,1.47820960144926,4,,900
26055110,LA INDEPENDENCIA - AUT [26055110],3.1853611110,-76.5693055560,1004,Agrometeorológica,INSTITUTO DE HIDROLOGIA METEOROLOGIA Y ESTUDIOS AMBIENTALES,Area Operativa 09 - Cauca-Valle-Caldas,Valle Del Cauca,Jamundí,28/06/2005 00:00,,VEL VIENTO,VV_10_MEDIA_M,Velocidad 10 minutal del viento media mensual,Mensual,2013-07-01 00:00,1.5398806880162,4,,900
26055110,LA INDEPENDENCIA - AUT [26055110],3.1853611110,-76.5693055560,1004,Agrometeorológica,INSTITUTO DE HIDROLOGIA METEOROLOGIA Y ESTUDIOS AMBIENTALES,Area Operativa 09 - Cauca-Valle-Caldas,Valle Del Cauca,Jamundí,28/06/2005 00:00,,VEL VIENTO,VV_10_MEDIA_M,Velocidad 10 minutal del viento media mensual,Mensual,2013-08-01 00:00,1.63334838568008,4,,900
26055110,LA INDEPENDENCIA - AUT [26055110],3.1853611110,-76.5693055560,1004,Agrometeorológica,INSTITUTO DE HIDROLOGIA METEOROLOGIA Y ESTUDIOS AMBIENTALES,Area Operativa 09 - Cauca-Valle-Caldas,Valle Del Cauca,Jamundí,28/06/2005 00:00,,VEL VIENTO,VV_10_MEDIA_M,Velocidad 10 minutal del viento media mensual,Mensual,2013-09-01 00:00,1.58722644359636,4,,900
26055110,LA INDEPENDENCIA - AUT [26055110],3.1853611110,-76.5693055560,1004,Agrometeorológica,INSTITUTO DE HIDROLOGIA METEOROLOGIA Y ESTUDIOS AMBIENTALES,Area Operativa 09 - Cauca-Valle-Caldas,Valle Del Cauca,Jamundí,28/06/2005 00:00,,VEL VIENTO,VV_10_MEDIA_M,Velocidad 10 minutal del viento media mensual,Mensual,2013-10-01 00:00,1.49350744218392,4,,900
26055110,LA INDEPENDENCIA - AUT [26055110],3.1853611110,-76.5693055560,1004,Agrometeorológica,INSTITUTO DE HIDROLOGIA METEOROLOGIA Y ESTUDIOS AMBIENTALES,Area Operativa 09 - Cauca-Valle-Caldas,Valle Del Cauca,Jamundí,28/06/2005 00:00,,VEL VIENTO,VV_10_MEDIA_M,Velocidad 10 minutal del viento media mensual,Mensual,2013-11-01 00:00,1.39813680934605,4,,900
26055110,LA INDEPENDENCIA - AUT [26055110],3.1853611110,-76.5693055560,1004,Agrometeorológica,INSTITUTO DE HIDROLOGIA METEOROLOGIA Y ESTUDIOS AMBIENTALES,Area Operativa 09 - Cauca-Valle-Caldas,Valle Del Cauca,Jamundí,28/06/2005 00:00,,VEL VIENTO,VV_10_MEDIA_M,Velocidad 10 minutal del viento media mensual,Mensual,2013-12-01 00:00,1.43591328343046,4,,900
26055110,LA INDEPENDENCIA - AUT [26055110],3.1853611110,-76.5693055560,1004,Agrometeorológica,INSTITUTO DE HIDROLOGIA METEOROLOGIA Y ESTUDIOS AMBIENTALES,Area Operativa 09 - Cauca-Valle-Caldas,Valle Del Cauca,Jamundí,28/06/2005 00:00,,VEL VIENTO,VV_10_MEDIA_M,Velocidad 10 minutal del viento media mensual,Mensual,2014-01-01 00:00,1.4894938502942,4,,900
26055110,LA INDEPENDENCIA - AUT [26055110],3.1853611110,-76.5693055560,1004,Agrometeorológica,INSTITUTO DE HIDROLOGIA METEOROLOGIA Y ESTUDIOS AMBIENTALES,Area Operativa 09 - Cauca-Valle-Caldas,Valle Del Cauca,Jamundí,28/06/2005 00:00,,VEL VIENTO,VV_10_MEDIA_M,Velocidad 10 minutal del viento media mensual,Mensual,2014-02-01 00:00,1.50434902287679,4,,900
26055110,LA INDEPENDENCIA - AUT [26055110],3.1853611110,-76.5693055560,1004,Agrometeorológica,INSTITUTO DE HIDROLOGIA METEOROLOGIA Y ESTUDIOS AMBIENTALES,Area Operativa 09 - Cauca-Valle-Caldas,Valle Del Cauca,Jamundí,28/06/2005 00:00,,VEL VIENTO,VV_10_MEDIA_M,Velocidad 10 minutal del viento media mensual,Mensual,2014-03-01 00:00,1.49340488122115,4,,900
26055110,LA INDEPENDENCIA - AUT [26055110],3.1853611110,-76.5693055560,1004,Agrometeorológica,INSTITUTO DE HIDROLOGIA METEOROLOGIA Y ESTUDIOS AMBIENTALES,Area Operativa 09 - Cauca-Valle-Caldas,Valle Del Cauca,Jamundí,28/06/2005 00:00,,VEL VIENTO,VV_10_MEDIA_M,Velocidad 10 minutal del viento media mensual,Mensual,2014-04-01 00:00,1.64762398833054,4,,900
26055110,LA INDEPENDENCIA - AUT [26055110],3.1853611110,-76.5693055560,1004,Agrometeorológica,INSTITUTO DE HIDROLOGIA METEOROLOGIA Y ESTUDIOS AMBIENTALES,Area Operativa 09 - Cauca-Valle-Caldas,Valle Del Cauca,Jamundí,28/06/2005 00:00,,VEL VIENTO,VV_10_MEDIA_M,Velocidad 10 minutal del viento media mensual,Mensual,2014-05-01 00:00,1.48848566308253,4,,900
26055110,LA INDEPENDENCIA - AUT [26055110],3.1853611110,-76.5693055560,1004,Agrometeorológica,INSTITUTO DE HIDROLOGIA METEOROLOGIA Y ESTUDIOS AMBIENTALES,Area Operativa 09 - Cauca-Valle-Caldas,Valle Del Cauca,Jamundí,28/06/2005 00:00,,VEL VIENTO,VV_10_MEDIA_M,Velocidad 10 minutal del viento media mensual,Mensual,2014-06-01 00:00,1.56760416666665,50,,900
26055110,LA INDEPENDENCIA - AUT [26055110],3.1853611110,-76.5693055560,1004,Agrometeorológica,INSTITUTO DE HIDROLOGIA METEOROLOGIA Y ESTUDIOS AMBIENTALES,Area Operativa 09 - Cauca-Valle-Caldas,Valle Del Cauca,Jamundí,28/06/2005 00:00,,VEL VIENTO,VV_10_MEDIA_M,Velocidad 10 minutal del viento media mensual,Mensual,2014-07-01 00:00,1.58010752688169,4,,900
26055110,LA INDEPENDENCIA - AUT [26055110],3.1853611110,-76.5693055560,1004,Agrometeorológica,INSTITUTO DE HIDROLOGIA METEOROLOGIA Y ESTUDIOS AMBIENTALES,Area Operativa 09 - Cauca-Valle-Caldas,Valle Del Cauca,Jamundí,28/06/2005 00:00,,VEL VIENTO,VV_10_MEDIA_M,Velocidad 10 minutal del viento media mensual,Mensual,2014-08-01 00:00,1.69929214737464,4,,900
26055110,LA INDEPENDENCIA - AUT [26055110],3.1853611110,-76.5693055560,1004,Agrometeorológica,INSTITUTO DE HIDROLOGIA METEOROLOGIA Y ESTUDIOS AMBIENTALES,Area Operativa 09 - Cauca-Valle-Caldas,Valle Del Cauca,Jamundí,28/06/2005 00:00,,VEL VIENTO,VV_10_MEDIA_M,Velocidad 10 minutal del viento media mensual,Mensual,2014-12-01 00:00,1.40843952877145,4,,900
26055110,LA INDEPENDENCIA - AUT [26055110],3.1853611110,-76.5693055560,1004,Agrometeorológica,INSTITUTO DE HIDROLOGIA METEOROLOGIA Y ESTUDIOS AMBIENTALES,Area Operativa 09 - Cauca-Valle-Caldas,Valle Del Cauca,Jamundí,28/06/2005 00:00,,VEL VIENTO,VV_10_MEDIA_M,Velocidad 10 minutal del viento media mensual,Mensual,2015-08-01 00:00,1.67068545636727,4,,900
26055110,LA INDEPENDENCIA - AUT [26055110],3.1853611110,-76.5693055560,1004,Agrometeorológica,INSTITUTO DE HIDROLOGIA METEOROLOGIA Y ESTUDIOS AMBIENTALES,Area Operativa 09 - Cauca-Valle-Caldas,Valle Del Cauca,Jamundí,28/06/2005 00:00,,VEL VIENTO,VV_10_MEDIA_M,Velocidad 10 minutal del viento media mensual,Mensual,2015-09-01 00:00,1.72012796055591,4,,900
26055110,LA INDEPENDENCIA - AUT [26055110],3.1853611110,-76.5693055560,1004,Agrometeorológica,INSTITUTO DE HIDROLOGIA METEOROLOGIA Y ESTUDIOS AMBIENTALES,Area Operativa 09 - Cauca-Valle-Caldas,Valle Del Cauca,Jamundí,28/06/2005 00:00,,VEL VIENTO,VV_10_MEDIA_M,Velocidad 10 minutal del viento media mensual,Mensual,2015-10-01 00:00,1.53558554454842,4,,900
26055110,LA INDEPENDENCIA - AUT [26055110],3.1853611110,-76.5693055560,1004,Agrometeorológica,INSTITUTO DE HIDROLOGIA METEOROLOGIA Y ESTUDIOS AMBIENTALES,Area Operativa 09 - Cauca-Valle-Caldas,Valle Del Cauca,Jamundí,28/06/2005 00:00,,VEL VIENTO,VV_10_MEDIA_M,Velocidad 10 minutal del viento media mensual,Mensual,2015-11-01 00:00,1.41431398012954,4,,900
26055110,LA INDEPENDENCIA - AUT [26055110],3.1853611110,-76.5693055560,1004,Agrometeorológica,INSTITUTO DE HIDROLOGIA METEOROLOGIA Y ESTUDIOS AMBIENTALES,Area Operativa 09 - Cauca-Valle-Caldas,Valle Del Cauca,Jamundí,28/06/2005 00:00,,VEL VIENTO,VV_10_MEDIA_M,Velocidad 10 minutal del viento media mensual,Mensual,2015-12-01 00:00,1.4090163925926,4,,900
26055110,LA INDEPENDENCIA - AUT [26055110],3.1853611110,-76.5693055560,1004,Agrometeorológica,INSTITUTO DE HIDROLOGIA METEOROLOGIA Y ESTUDIOS AMBIENTALES,Area Operativa 09 - Cauca-Valle-Caldas,Valle Del Cauca,Jamundí,28/06/2005 00:00,,VEL VIENTO,VV_10_MEDIA_M,Velocidad 10 minutal del viento media mensual,Mensual,2016-02-01 00:00,1.51246896438146,4,,900
26055110,LA INDEPENDENCIA - AUT [26055110],3.1853611110,-76.5693055560,1004,Agrometeorológica,INSTITUTO DE HIDROLOGIA METEOROLOGIA Y ESTUDIOS AMBIENTALES,Area Operativa 09 - Cauca-Valle-Caldas,Valle Del Cauca,Jamundí,28/06/2005 00:00,,VEL VIENTO,VV_10_MEDIA_M,Velocidad 10 minutal del viento media mensual,Mensual,2016-03-01 00:00,1.52649706437829,4,,900
26055110,LA INDEPENDENCIA - AUT [26055110],3.1853611110,-76.5693055560,1004,Agrometeorológica,INSTITUTO DE HIDROLOGIA METEOROLOGIA Y ESTUDIOS AMBIENTALES,Area Operativa 09 - Cauca-Valle-Caldas,Valle Del Cauca,Jamundí,28/06/2005 00:00,,VEL VIENTO,VV_10_MEDIA_M,Velocidad 10 minutal del viento media mensual,Mensual,2016-04-01 00:00,1.46980643076487,4,,900
26055110,LA INDEPENDENCIA - AUT [26055110],3.1853611110,-76.5693055560,1004,Agrometeorológica,INSTITUTO DE HIDROLOGIA METEOROLOGIA Y ESTUDIOS AMBIENTALES,Area Operativa 09 - Cauca-Valle-Caldas,Valle Del Cauca,Jamundí,28/06/2005 00:00,,VEL VIENTO,VV_10_MEDIA_M,Velocidad 10 minutal del viento media mensual,Mensual,2016-05-01 00:00,1.40492313373671,4,,900
26055110,LA INDEPENDENCIA - AUT [26055110],3.1853611110,-76.5693055560,1004,Agrometeorológica,INSTITUTO DE HIDROLOGIA METEOROLOGIA Y ESTUDIOS AMBIENTALES,Area Operativa 09 - Cauca-Valle-Caldas,Valle Del Cauca,Jamundí,28/06/2005 00:00,,VEL VIENTO,VV_10_MEDIA_M,Velocidad 10 minutal del viento media mensual,Mensual,2016-06-01 00:00,1.44619716183595,4,,900
26055110,LA INDEPENDENCIA - AUT [26055110],3.1853611110,-76.5693055560,1004,Agrometeorológica,INSTITUTO DE HIDROLOGIA METEOROLOGIA Y ESTUDIOS AMBIENTALES,Area Operativa 09 - Cauca-Valle-Caldas,Valle Del Cauca,Jamundí,28/06/2005 00:00,,VEL VIENTO,VV_10_MEDIA_M,Velocidad 10 minutal del viento media mensual,Mensual,2016-07-01 00:00,1.57067291237127,4,,900
26055110,LA INDEPENDENCIA - AUT [26055110],3.1853611110,-76.5693055560,1004,Agrometeorológica,INSTITUTO DE HIDROLOGIA METEOROLOGIA Y ESTUDIOS AMBIENTALES,Area Operativa 09 - Cauca-Valle-Caldas,Valle Del Cauca,Jamundí,28/06/2005 00:00,,VEL VIENTO,VV_10_MEDIA_M,Velocidad 10 minutal del viento media mensual,Mensual,2016-08-01 00:00,1.72330370736349,4,,900
26055110,LA INDEPENDENCIA - AUT [26055110],3.1853611110,-76.5693055560,1004,Agrometeorológica,INSTITUTO DE HIDROLOGIA METEOROLOGIA Y ESTUDIOS AMBIENTALES,Area Operativa 09 - Cauca-Valle-Caldas,Valle Del Cauca,Jamundí,28/06/2005 00:00,,VEL VIENTO,VV_10_MEDIA_M,Velocidad 10 minutal del viento media mensual,Mensual,2016-09-01 00:00,1.63270748025926,4,,900
26055110,LA INDEPENDENCIA - AUT [26055110],3.1853611110,-76.5693055560,1004,Agrometeorológica,INSTITUTO DE HIDROLOGIA METEOROLOGIA Y ESTUDIOS AMBIENTALES,Area Operativa 09 - Cauca-Valle-Caldas,Valle Del Cauca,Jamundí,28/06/2005 00:00,,VEL VIENTO,VV_10_MEDIA_M,Velocidad 10 minutal del viento media mensual,Mensual,2016-10-01 00:00,1.51857819780022,4,,900
26055110,LA INDEPENDENCIA - AUT [26055110],3.1853611110,-76.5693055560,1004,Agrometeorológica,INSTITUTO DE HIDROLOGIA METEOROLOGIA Y ESTUDIOS AMBIENTALES,Area Operativa 09 - Cauca-Valle-Caldas,Valle Del Cauca,Jamundí,28/06/2005 00:00,,VEL VIENTO,VV_10_MEDIA_M,Velocidad 10 minutal del viento media mensual,Mensual,2016-11-01 00:00,1.32564655172408,4,,900
26055110,LA INDEPENDENCIA - AUT [26055110],3.1853611110,-76.5693055560,1004,Agrometeorológica,INSTITUTO DE HIDROLOGIA METEOROLOGIA Y ESTUDIOS AMBIENTALES,Area Operativa 09 - Cauca-Valle-Caldas,Valle Del Cauca,Jamundí,28/06/2005 00:00,,VEL VIENTO,VV_10_MEDIA_M,Velocidad 10 minutal del viento media mensual,Mensual,2016-12-01 00:00,1.28266007285354,4,,900
26055110,LA INDEPENDENCIA - AUT [26055110],3.1853611110,-76.5693055560,1004,Agrometeorológica,INSTITUTO DE HIDROLOGIA METEOROLOGIA Y ESTUDIOS AMBIENTALES,Area Operativa 09 - Cauca-Valle-Caldas,Valle Del Cauca,Jamundí,28/06/2005 00:00,,VEL VIENTO,VV_10_MEDIA_M,Velocidad 10 minutal del viento media mensual,Mensual,2017-01-01 00:00,1.35035842293904,4,,900
26055110,LA INDEPENDENCIA - AUT [26055110],3.1853611110,-76.5693055560,1004,Agrometeorológica,INSTITUTO DE HIDROLOGIA METEOROLOGIA Y ESTUDIOS AMBIENTALES,Area Operativa 09 - Cauca-Valle-Caldas,Valle Del Cauca,Jamundí,28/06/2005 00:00,,VEL VIENTO,VV_10_MEDIA_M,Velocidad 10 minutal del viento media mensual,Mensual,2017-02-01 00:00,1.31116691468238,4,,900
26055110,LA INDEPENDENCIA - AUT [26055110],3.1853611110,-76.5693055560,1004,Agrometeorológica,INSTITUTO DE HIDROLOGIA METEOROLOGIA Y ESTUDIOS AMBIENTALES,Area Operativa 09 - Cauca-Valle-Caldas,Valle Del Cauca,Jamundí,28/06/2005 00:00,,VEL VIENTO,VV_10_MEDIA_M,Velocidad 10 minutal del viento media mensual,Mensual,2017-03-01 00:00,1.3853572331849,4,,900
26055110,LA INDEPENDENCIA - AUT [26055110],3.1853611110,-76.5693055560,1004,Agrometeorológica,INSTITUTO DE HIDROLOGIA METEOROLOGIA Y ESTUDIOS AMBIENTALES,Area Operativa 09 - Cauca-Valle-Caldas,Valle Del Cauca,Jamundí,28/06/2005 00:00,,VEL VIENTO,VV_10_MEDIA_M,Velocidad 10 minutal del viento media mensual,Mensual,2017-04-01 00:00,1.39863891552017,4,,900
26055110,LA INDEPENDENCIA - AUT [26055110],3.1853611110,-76.5693055560,1004,Agrometeorológica,INSTITUTO DE HIDROLOGIA METEOROLOGIA Y ESTUDIOS AMBIENTALES,Area Operativa 09 - Cauca-Valle-Caldas,Valle Del Cauca,Jamundí,28/06/2005 00:00,,VEL VIENTO,VV_10_MEDIA_M,Velocidad 10 minutal del viento media mensual,Mensual,2017-05-01 00:00,1.29174507168481,4,,900
26055110,LA INDEPENDENCIA - AUT [26055110],3.1853611110,-76.5693055560,1004,Agrometeorológica,INSTITUTO DE HIDROLOGIA METEOROLOGIA Y ESTUDIOS AMBIENTALES,Area Operativa 09 - Cauca-Valle-Caldas,Valle Del Cauca,Jamundí,28/06/2005 00:00,,VEL VIENTO,VV_10_MEDIA_M,Velocidad 10 minutal del viento media mensual,Mensual,2017-06-01 00:00,1.2964905975414,4,,900
26055110,LA INDEPENDENCIA - AUT [26055110],3.1853611110,-76.5693055560,1004,Agrometeorológica,INSTITUTO DE HIDROLOGIA METEOROLOGIA Y ESTUDIOS AMBIENTALES,Area Operativa 09 - Cauca-Valle-Caldas,Valle Del Cauca,Jamundí,28/06/2005 00:00,,VEL VIENTO,VV_10_MEDIA_M,Velocidad 10 minutal del viento media mensual,Mensual,2017-07-01 00:00,1.42454140005288,4,,900
26055110,LA INDEPENDENCIA - AUT [26055110],3.1853611110,-76.5693055560,1004,Agrometeorológica,INSTITUTO DE HIDROLOGIA METEOROLOGIA Y ESTUDIOS AMBIENTALES,Area Operativa 09 - Cauca-Valle-Caldas,Valle Del Cauca,Jamundí,28/06/2005 00:00,,VEL VIENTO,VV_10_MEDIA_M,Velocidad 10 minutal del viento media mensual,Mensual,2017-10-01 00:00,1.4558579749106,50,,900
26055110,LA INDEPENDENCIA - AUT [26055110],3.1853611110,-76.5693055560,1004,Agrometeorológica,INSTITUTO DE HIDROLOGIA METEOROLOGIA Y ESTUDIOS AMBIENTALES,Area Operativa 09 - Cauca-Valle-Caldas,Valle Del Cauca,Jamundí,28/06/2005 00:00,,VEL VIENTO,VV_10_MEDIA_M,Velocidad 10 minutal del viento media mensual,Mensual,2017-11-01 00:00,1.35656249999999,50,,900
26055110,LA INDEPENDENCIA - AUT [26055110],3.1853611110,-76.5693055560,1004,Agrometeorológica,INSTITUTO DE HIDROLOGIA METEOROLOGIA Y ESTUDIOS AMBIENTALES,Area Operativa 09 - Cauca-Valle-Caldas,Valle Del Cauca,Jamundí,28/06/2005 00:00,,VEL VIENTO,VV_10_MEDIA_M,Velocidad 10 minutal del viento media mensual,Mensual,2017-12-01 00:00,1.3389000896056,50,,900
26055110,LA INDEPENDENCIA - AUT [26055110],3.1853611110,-76.5693055560,1004,Agrometeorológica,INSTITUTO DE HIDROLOGIA METEOROLOGIA Y ESTUDIOS AMBIENTALES,Area Operativa 09 - Cauca-Valle-Caldas,Valle Del Cauca,Jamundí,28/06/2005 00:00,,VEL VIENTO,VV_10_MEDIA_M,Velocidad 10 minutal del viento media mensual,Mensual,2018-02-01 00:00,1.3698983134918,4,,900
26055110,LA INDEPENDENCIA - AUT [26055110],3.1853611110,-76.5693055560,1004,Agrometeorológica,INSTITUTO DE HIDROLOGIA METEOROLOGIA Y ESTUDIOS AMBIENTALES,Area Operativa 09 - Cauca-Valle-Caldas,Valle Del Cauca,Jamundí,28/06/2005 00:00,,VEL VIENTO,VV_10_MEDIA_M,Velocidad 10 minutal del viento media mensual,Mensual,2018-03-01 00:00,1.40436257738687,4,,900
26055110,LA INDEPENDENCIA - AUT [26055110],3.1853611110,-76.5693055560,1004,Agrometeorológica,INSTITUTO DE HIDROLOGIA METEOROLOGIA Y ESTUDIOS AMBIENTALES,Area Operativa 09 - Cauca-Valle-Caldas,Valle Del Cauca,Jamundí,28/06/2005 00:00,,VEL VIENTO,VV_10_MEDIA_M,Velocidad 10 minutal del viento media mensual,Mensual,2018-04-01 00:00,1.36324074074101,4,,900
26055110,LA INDEPENDENCIA - AUT [26055110],3.1853611110,-76.5693055560,1004,Agrometeorológica,INSTITUTO DE HIDROLOGIA METEOROLOGIA Y ESTUDIOS AMBIENTALES,Area Operativa 09 - Cauca-Valle-Caldas,Valle Del Cauca,Jamundí,28/06/2005 00:00,,VEL VIENTO,VV_10_MEDIA_M,Velocidad 10 minutal del viento media mensual,Mensual,2018-05-01 00:00,1.3536682347673,4,,900
26055110,LA INDEPENDENCIA - AUT [26055110],3.1853611110,-76.5693055560,1004,Agrometeorológica,INSTITUTO DE HIDROLOGIA METEOROLOGIA Y ESTUDIOS AMBIENTALES,Area Operativa 09 - Cauca-Valle-Caldas,Valle Del Cauca,Jamundí,28/06/2005 00:00,,VEL VIENTO,VV_10_MEDIA_M,Velocidad 10 minutal del viento media mensual,Mensual,2018-06-01 00:00,1.29842714424961,4,,900
26055110,LA INDEPENDENCIA - AUT [26055110],3.1853611110,-76.5693055560,1004,Agrometeorológica,INSTITUTO DE HIDROLOGIA METEOROLOGIA Y ESTUDIOS AMBIENTALES,Area Operativa 09 - Cauca-Valle-Caldas,Valle Del Cauca,Jamundí,28/06/2005 00:00,,VEL VIENTO,VV_10_MEDIA_M,Velocidad 10 minutal del viento media mensual,Mensual,2018-07-01 00:00,1.40918832138602,4,,900
26055110,LA INDEPENDENCIA - AUT [26055110],3.1853611110,-76.5693055560,1004,Agrometeorológica,INSTITUTO DE HIDROLOGIA METEOROLOGIA Y ESTUDIOS AMBIENTALES,Area Operativa 09 - Cauca-Valle-Caldas,Valle Del Cauca,Jamundí,28/06/2005 00:00,,VEL VIENTO,VV_10_MEDIA_M,Velocidad 10 minutal del viento media mensual,Mensual,2018-08-01 00:00,1.36645721326165,4,,900
26055110,LA INDEPENDENCIA - AUT [26055110],3.1853611110,-76.5693055560,1004,Agrometeorológica,INSTITUTO DE HIDROLOGIA METEOROLOGIA Y ESTUDIOS AMBIENTALES,Area Operativa 09 - Cauca-Valle-Caldas,Valle Del Cauca,Jamundí,28/06/2005 00:00,,VEL VIENTO,VV_10_MEDIA_M,Velocidad 10 minutal del viento media mensual,Mensual,2018-09-01 00:00,1.50278356481477,4,,900
26055110,LA INDEPENDENCIA - AUT [26055110],3.1853611110,-76.5693055560,1004,Agrometeorológica,INSTITUTO DE HIDROLOGIA METEOROLOGIA Y ESTUDIOS AMBIENTALES,Area Operativa 09 - Cauca-Valle-Caldas,Valle Del Cauca,Jamundí,28/06/2005 00:00,,VEL VIENTO,VV_10_MEDIA_M,Velocidad 10 minutal del viento media mensual,Mensual,2018-10-01 00:00,1.58024022217249,4,,900
26055110,LA INDEPENDENCIA - AUT [26055110],3.1853611110,-76.5693055560,1004,Agrometeorológica,INSTITUTO DE HIDROLOGIA METEOROLOGIA Y ESTUDIOS AMBIENTALES,Area Operativa 09 - Cauca-Valle-Caldas,Valle Del Cauca,Jamundí,28/06/2005 00:00,,VEL VIENTO,VV_10_MEDIA_M,Velocidad 10 minutal del viento media mensual,Mensual,2018-11-01 00:00,1.31446628421917,4,,900
26055110,LA INDEPENDENCIA - AUT [26055110],3.1853611110,-76.5693055560,1004,Agrometeorológica,INSTITUTO DE HIDROLOGIA METEOROLOGIA Y ESTUDIOS AMBIENTALES,Area Operativa 09 - Cauca-Valle-Caldas,Valle Del Cauca,Jamundí,28/06/2005 00:00,,VEL VIENTO,VV_10_MEDIA_M,Velocidad 10 minutal del viento media mensual,Mensual,2018-12-01 00:00,1.36785886122779,4,,900
26055110,LA INDEPENDENCIA - AUT [26055110],3.1853611110,-76.5693055560,1004,Agrometeorológica,INSTITUTO DE HIDROLOGIA METEOROLOGIA Y ESTUDIOS AMBIENTALES,Area Operativa 09 - Cauca-Valle-Caldas,Valle Del Cauca,Jamundí,28/06/2005 00:00,,VEL VIENTO,VV_10_MEDIA_M,Velocidad 10 minutal del viento media mensual,Mensual,2019-01-01 00:00,1.44667514720951,4,,900
26055110,LA INDEPENDENCIA - AUT [26055110],3.1853611110,-76.5693055560,1004,Agrometeorológica,INSTITUTO DE HIDROLOGIA METEOROLOGIA Y ESTUDIOS AMBIENTALES,Area Operativa 09 - Cauca-Valle-Caldas,Valle Del Cauca,Jamundí,28/06/2005 00:00,,VEL VIENTO,VV_10_MEDIA_M,Velocidad 10 minutal del viento media mensual,Mensual,2019-02-01 00:00,1.42733134920638,4,,900
26055110,LA INDEPENDENCIA - AUT [26055110],3.1853611110,-76.5693055560,1004,Agrometeorológica,INSTITUTO DE HIDROLOGIA METEOROLOGIA Y ESTUDIOS AMBIENTALES,Area Operativa 09 - Cauca-Valle-Caldas,Valle Del Cauca,Jamundí,28/06/2005 00:00,,VEL VIENTO,VV_10_MEDIA_M,Velocidad 10 minutal del viento media mensual,Mensual,2019-08-01 00:00,1.63671267968133,4,,900
26055110,LA INDEPENDENCIA - AUT [26055110],3.1853611110,-76.5693055560,1004,Agrometeorológica,INSTITUTO DE HIDROLOGIA METEOROLOGIA Y ESTUDIOS AMBIENTALES,Area Operativa 09 - Cauca-Valle-Caldas,Valle Del Cauca,Jamundí,28/06/2005 00:00,,VEL VIENTO,VV_10_MEDIA_M,Velocidad 10 minutal del viento media mensual,Mensual,2019-09-01 00:00,1.56494791666672,4,,900
26055110,LA INDEPENDENCIA - AUT [26055110],3.1853611110,-76.5693055560,1004,Agrometeorológica,INSTITUTO DE HIDROLOGIA METEOROLOGIA Y ESTUDIOS AMBIENTALES,Area Operativa 09 - Cauca-Valle-Caldas,Valle Del Cauca,Jamundí,28/06/2005 00:00,,VEL VIENTO,VV_10_MEDIA_M,Velocidad 10 minutal del viento media mensual,Mensual,2019-10-01 00:00,1.44229758704556,4,,900
26055110,LA INDEPENDENCIA - AUT [26055110],3.1853611110,-76.5693055560,1004,Agrometeorológica,INSTITUTO DE HIDROLOGIA METEOROLOGIA Y ESTUDIOS AMBIENTALES,Area Operativa 09 - Cauca-Valle-Caldas,Valle Del Cauca,Jamundí,28/06/2005 00:00,,VEL VIENTO,VV_10_MEDIA_M,Velocidad 10 minutal del viento media mensual,Mensual,2019-11-01 00:00,1.34253322440105,4,,900
26055110,LA INDEPENDENCIA - AUT [26055110],3.1853611110,-76.5693055560,1004,Agrometeorológica,INSTITUTO DE HIDROLOGIA METEOROLOGIA Y ESTUDIOS AMBIENTALES,Area Operativa 09 - Cauca-Valle-Caldas,Valle Del Cauca,Jamundí,28/06/2005 00:00,,VEL VIENTO,VV_10_MEDIA_M,Velocidad 10 minutal del viento media mensual,Mensual,2019-12-01 00:00,1.25649081541218,4,,900
26055110,LA INDEPENDENCIA - AUT [26055110],3.1853611110,-76.5693055560,1004,Agrometeorológica,INSTITUTO DE HIDROLOGIA METEOROLOGIA Y ESTUDIOS AMBIENTALES,Area Operativa 09 - Cauca-Valle-Caldas,Valle Del Cauca,Jamundí,28/06/2005 00:00,,VEL VIENTO,VV_10_MEDIA_M,Velocidad 10 minutal del viento media mensual,Mensual,2020-01-01 00:00,1.30435707885291,4,,900
26055110,LA INDEPENDENCIA - AUT [26055110],3.1853611110,-76.5693055560,1004,Agrometeorológica,INSTITUTO DE HIDROLOGIA METEOROLOGIA Y ESTUDIOS AMBIENTALES,Area Operativa 09 - Cauca-Valle-Caldas,Valle Del Cauca,Jamundí,28/06/2005 00:00,,VEL VIENTO,VV_10_MEDIA_M,Velocidad 10 minutal del viento media mensual,Mensual,2020-02-01 00:00,1.39724031734119,4,,900
26055110,LA INDEPENDENCIA - AUT [26055110],3.1853611110,-76.5693055560,1004,Agrometeorológica,INSTITUTO DE HIDROLOGIA METEOROLOGIA Y ESTUDIOS AMBIENTALES,Area Operativa 09 - Cauca-Valle-Caldas,Valle Del Cauca,Jamundí,28/06/2005 00:00,,VEL VIENTO,VV_10_MEDIA_M,Velocidad 10 minutal del viento media mensual,Mensual,2020-03-01 00:00,1.35602038530468,4,,900
26055110,LA INDEPENDENCIA - AUT [26055110],3.1853611110,-76.5693055560,1004,Agrometeorológica,INSTITUTO DE HIDROLOGIA METEOROLOGIA Y ESTUDIOS AMBIENTALES,Area Operativa 09 - Cauca-Valle-Caldas,Valle Del Cauca,Jamundí,28/06/2005 00:00,,VEL VIENTO,VV_10_MEDIA_M,Velocidad 10 minutal del viento media mensual,Mensual,2020-04-01 00:00,1.34727141203706,4,,900
26055110,LA INDEPENDENCIA - AUT [26055110],3.1853611110,-76.5693055560,1004,Agrometeorológica,INSTITUTO DE HIDROLOGIA METEOROLOGIA Y ESTUDIOS AMBIENTALES,Area Operativa 09 - Cauca-Valle-Caldas,Valle Del Cauca,Jamundí,28/06/2005 00:00,,VEL VIENTO,VV_10_MEDIA_M,Velocidad 10 minutal del viento media mensual,Mensual,2020-05-01 00:00,1.21306003584237,50,,900
26055110,LA INDEPENDENCIA - AUT [26055110],3.1853611110,-76.5693055560,1004,Agrometeorológica,INSTITUTO DE HIDROLOGIA METEOROLOGIA Y ESTUDIOS AMBIENTALES,Area Operativa 09 - Cauca-Valle-Caldas,Valle Del Cauca,Jamundí,28/06/2005 00:00,,VEL VIENTO,VV_10_MEDIA_M,Velocidad 10 minutal del viento media mensual,Mensual,2020-06-01 00:00,1.29480324074072,50,,900
26055110,LA INDEPENDENCIA - AUT [26055110],3.1853611110,-76.5693055560,1004,Agrometeorológica,INSTITUTO DE HIDROLOGIA METEOROLOGIA Y ESTUDIOS AMBIENTALES,Area Operativa 09 - Cauca-Valle-Caldas,Valle Del Cauca,Jamundí,28/06/2005 00:00,,VEL VIENTO,VV_10_MEDIA_M,Velocidad 10 minutal del viento media mensual,Mensual,2020-07-01 00:00,1.35374103942643,50,,900
26055110,LA INDEPENDENCIA - AUT [26055110],3.1853611110,-76.5693055560,1004,Agrometeorológica,INSTITUTO DE HIDROLOGIA METEOROLOGIA Y ESTUDIOS AMBIENTALES,Area Operativa 09 - Cauca-Valle-Caldas,Valle Del Cauca,Jamundí,28/06/2005 00:00,,VEL VIENTO,VV_10_MEDIA_M,Velocidad 10 minutal del viento media mensual,Mensual,2020-08-01 00:00,1.47215501792129,50,,900
26055110,LA INDEPENDENCIA - AUT [26055110],3.1853611110,-76.5693055560,1004,Agrometeorológica,INSTITUTO DE HIDROLOGIA METEOROLOGIA Y ESTUDIOS AMBIENTALES,Area Operativa 09 - Cauca-Valle-Caldas,Valle Del Cauca,Jamundí,28/06/2005 00:00,,VEL VIENTO,VV_10_MEDIA_M,Velocidad 10 minutal del viento media mensual,Mensual,2020-09-01 00:00,1.51284722222238,50,,900
26055110,LA INDEPENDENCIA - AUT [26055110],3.1853611110,-76.5693055560,1004,Agrometeorológica,INSTITUTO DE HIDROLOGIA METEOROLOGIA Y ESTUDIOS AMBIENTALES,Area Operativa 09 - Cauca-Valle-Caldas,Valle Del Cauca,Jamundí,28/06/2005 00:00,,VEL VIENTO,VV_10_MEDIA_M,Velocidad 10 minutal del viento media mensual,Mensual,2020-10-01 00:00,1.4873182870371,4,,900
26055110,LA INDEPENDENCIA - AUT [26055110],3.1853611110,-76.5693055560,1004,Agrometeorológica,INSTITUTO DE HIDROLOGIA METEOROLOGIA Y ESTUDIOS AMBIENTALES,Area Operativa 09 - Cauca-Valle-Caldas,Valle Del Cauca,Jamundí,28/06/2005 00:00,,VEL VIENTO,VV_10_MEDIA_M,Velocidad 10 minutal del viento media mensual,Mensual,2020-11-01 00:00,1.36750115740761,4,,900
26055110,LA INDEPENDENCIA - AUT [26055110],3.1853611110,-76.5693055560,1004,Agrometeorológica,INSTITUTO DE HIDROLOGIA METEOROLOGIA Y ESTUDIOS AMBIENTALES,Area Operativa 09 - Cauca-Valle-Caldas,Valle Del Cauca,Jamundí,28/06/2005 00:00,,VEL VIENTO,VV_10_MEDIA_M,Velocidad 10 minutal del viento media mensual,Mensual,2020-12-01 00:00,1.3762768817205,50,,900
26055110,LA INDEPENDENCIA - AUT [26055110],3.1853611110,-76.5693055560,1004,Agrometeorológica,INSTITUTO DE HIDROLOGIA METEOROLOGIA Y ESTUDIOS AMBIENTALES,Area Operativa 09 - Cauca-Valle-Caldas,Valle Del Cauca,Jamundí,28/06/2005 00:00,,VEL VIENTO,VV_10_MEDIA_M,Velocidad 10 minutal del viento media mensual,Mensual,2021-01-01 00:00,1.37445116487451,4,,900
26055110,LA INDEPENDENCIA - AUT [26055110],3.1853611110,-76.5693055560,1004,Agrometeorológica,INSTITUTO DE HIDROLOGIA METEOROLOGIA Y ESTUDIOS AMBIENTALES,Area Operativa 09 - Cauca-Valle-Caldas,Valle Del Cauca,Jamundí,28/06/2005 00:00,,VEL VIENTO,VV_10_MEDIA_M,Velocidad 10 minutal del viento media mensual,Mensual,2021-02-01 00:00,1.41232638888908,4,,900
26055110,LA INDEPENDENCIA - AUT [26055110],3.1853611110,-76.5693055560,1004,Agrometeorológica,INSTITUTO DE HIDROLOGIA METEOROLOGIA Y ESTUDIOS AMBIENTALES,Area Operativa 09 - Cauca-Valle-Caldas,Valle Del Cauca,Jamundí,28/06/2005 00:00,,VEL VIENTO,VV_10_MEDIA_M,Velocidad 10 minutal del viento media mensual,Mensual,2021-03-01 00:00,1.28674537037038,4,,900
26055110,LA INDEPENDENCIA - AUT [26055110],3.1853611110,-76.5693055560,1004,Agrometeorológica,INSTITUTO DE HIDROLOGIA METEOROLOGIA Y ESTUDIOS AMBIENTALES,Area Operativa 09 - Cauca-Valle-Caldas,Valle Del Cauca,Jamundí,28/06/2005 00:00,,VEL VIENTO,VV_10_MEDIA_M,Velocidad 10 minutal del viento media mensual,Mensual,2021-04-01 00:00,1.32583333333353,50,,900
26055110,LA INDEPENDENCIA - AUT [26055110],3.1853611110,-76.5693055560,1004,Agrometeorológica,INSTITUTO DE HIDROLOGIA METEOROLOGIA Y ESTUDIOS AMBIENTALES,Area Operativa 09 - Cauca-Valle-Caldas,Valle Del Cauca,Jamundí,28/06/2005 00:00,,VEL VIENTO,VV_10_MEDIA_M,Velocidad 10 minutal del viento media mensual,Mensual,2021-05-01 00:00,1.31870519713261,50,,900
26055110,LA INDEPENDENCIA - AUT [26055110],3.1853611110,-76.5693055560,1004,Agrometeorológica,INSTITUTO DE HIDROLOGIA METEOROLOGIA Y ESTUDIOS AMBIENTALES,Area Operativa 09 - Cauca-Valle-Caldas,Valle Del Cauca,Jamundí,28/06/2005 00:00,,VEL VIENTO,VV_10_MEDIA_M,Velocidad 10 minutal del viento media mensual,Mensual,2021-06-01 00:00,1.27782986111117,4,,900
26055110,LA INDEPENDENCIA - AUT [26055110],3.1853611110,-76.5693055560,1004,Agrometeorológica,INSTITUTO DE HIDROLOGIA METEOROLOGIA Y ESTUDIOS AMBIENTALES,Area Operativa 09 - Cauca-Valle-Caldas,Valle Del Cauca,Jamundí,28/06/2005 00:00,,VEL VIENTO,VV_10_MEDIA_M,Velocidad 10 minutal del viento media mensual,Mensual,2021-07-01 00:00,1.26208132899462,4,,900
26055110,LA INDEPENDENCIA - AUT [26055110],3.1853611110,-76.5693055560,1004,Agrometeorológica,INSTITUTO DE HIDROLOGIA METEOROLOGIA Y ESTUDIOS AMBIENTALES,Area Operativa 09 - Cauca-Valle-Caldas,Valle Del Cauca,Jamundí,28/06/2005 00:00,,VEL VIENTO,VV_10_MEDIA_M,Velocidad 10 minutal del viento media mensual,Mensual,2021-08-01 00:00,1.37123883928584,4,,900
26055110,LA INDEPENDENCIA - AUT [26055110],3.1853611110,-76.5693055560,1004,Agrometeorológica,INSTITUTO DE HIDROLOGIA METEOROLOGIA Y ESTUDIOS AMBIENTALES,Area Operativa 09 - Cauca-Valle-Caldas,Valle Del Cauca,Jamundí,28/06/2005 00:00,,VEL VIENTO,VV_10_MEDIA_M,Velocidad 10 minutal del viento media mensual,Mensual,2021-09-01 00:00,1.31561191626409,4,,900
26055110,LA INDEPENDENCIA - AUT [26055110],3.1853611110,-76.5693055560,1004,Agrometeorológica,INSTITUTO DE HIDROLOGIA METEOROLOGIA Y ESTUDIOS AMBIENTALES,Area Operativa 09 - Cauca-Valle-Caldas,Valle Del Cauca,Jamundí,28/06/2005 00:00,,VEL VIENTO,VV_10_MEDIA_M,Velocidad 10 minutal del viento media mensual,Mensual,2021-10-01 00:00,1.36999930266696,4,,900
26055110,LA INDEPENDENCIA - AUT [26055110],3.1853611110,-76.5693055560,1004,Agrometeorológica,INSTITUTO DE HIDROLOGIA METEOROLOGIA Y ESTUDIOS AMBIENTALES,Area Operativa 09 - Cauca-Valle-Caldas,Valle Del Cauca,Jamundí,28/06/2005 00:00,,VEL VIENTO,VV_10_MEDIA_M,Velocidad 10 minutal del viento media mensual,Mensual,2021-11-01 00:00,1.26901080598575,4,,900
26055110,LA INDEPENDENCIA - AUT [26055110],3.1853611110,-76.5693055560,1004,Agrometeorológica,INSTITUTO DE HIDROLOGIA METEOROLOGIA Y ESTUDIOS AMBIENTALES,Area Operativa 09 - Cauca-Valle-Caldas,Valle Del Cauca,Jamundí,28/06/2005 00:00,,VEL VIENTO,VV_10_MEDIA_M,Velocidad 10 minutal del viento media mensual,Mensual,2021-12-01 00:00,1.19232638764297,4,,900
